{"episode_reward_max": 40.0, "episode_reward_min": -20.0, "episode_reward_mean": 19.6, "episode_len_mean": 13.686666666666667, "episodes_this_iter": 150, "policy_reward_min": {}, "policy_reward_max": {}, "policy_reward_mean": {}, "custom_metrics": {}, "hist_stats": {"episode_reward": [40.0, 0.0, 20.0, 0.0, 20.0, 20.0, 20.0, 40.0, 20.0, 20.0, 20.0, 20.0, 0.0, 20.0, 20.0, 40.0, 20.0, 40.0, 20.0, 40.0, 20.0, 40.0, 40.0, 40.0, 0.0, 20.0, 0.0, 40.0, 20.0, 20.0, 20.0, 20.0, 0.0, 20.0, 20.0, 40.0, 40.0, 20.0, 20.0, 20.0, 40.0, 40.0, 0.0, 20.0, 0.0, 40.0, 20.0, 40.0, 20.0, 20.0, 20.0, 40.0, 40.0, 20.0, -20.0, 20.0, 40.0, 20.0, 20.0, 0.0, 40.0, 0.0, 20.0, 40.0, 20.0, 20.0, 40.0, 20.0, 0.0, 0.0, 20.0, 0.0, 0.0, 20.0, 20.0, 0.0, 0.0, 0.0, 0.0, 20.0, 40.0, 20.0, 20.0, 0.0, 20.0, 0.0, 0.0, 20.0, 0.0, 0.0, 0.0, 20.0, 40.0, 20.0, 20.0, 20.0, 0.0, 20.0, 40.0, 40.0, 20.0, 40.0, 20.0, 20.0, 20.0, 0.0, 20.0, 40.0, 20.0, 20.0, 20.0, 20.0, 40.0, 20.0, 20.0, 0.0, 0.0, 0.0, 20.0, 0.0, 20.0, 20.0, 20.0, 40.0, 20.0, 40.0, 40.0, 0.0, 20.0, 20.0, 40.0, 0.0, 20.0, 20.0, 0.0, 20.0, 20.0, 20.0, 20.0, 0.0, 40.0, 0.0, 20.0, 40.0, 0.0, 0.0, 40.0, 40.0, 20.0, 20.0], "episode_lengths": [18, 12, 11, 9, 15, 14, 12, 16, 16, 16, 14, 13, 12, 17, 17, 11, 12, 17, 13, 13, 14, 16, 13, 16, 10, 11, 14, 14, 11, 14, 11, 12, 13, 11, 10, 11, 20, 15, 17, 13, 13, 11, 13, 10, 15, 13, 13, 20, 13, 17, 16, 13, 17, 16, 15, 16, 14, 14, 17, 12, 12, 13, 11, 21, 11, 12, 16, 14, 10, 14, 10, 13, 13, 12, 14, 10, 12, 12, 12, 15, 18, 16, 13, 12, 11, 9, 14, 12, 14, 11, 9, 14, 12, 15, 16, 13, 17, 18, 15, 15, 15, 13, 12, 12, 15, 10, 14, 13, 15, 19, 13, 14, 12, 14, 13, 15, 12, 15, 14, 14, 13, 13, 11, 14, 12, 12, 18, 11, 13, 11, 18, 13, 13, 16, 11, 13, 15, 17, 14, 14, 14, 16, 16, 17, 12, 13, 11, 16, 16, 13]}, "sampler_perf": {"mean_env_wait_ms": 6.081695217700875, "mean_processing_ms": 3.4483028131427416, "mean_inference_ms": 25.456999269873627}, "off_policy_estimator": {}, "num_healthy_workers": 1, "timesteps_total": 2053, "timers": {"sample_time_ms": 80225.153, "sample_throughput": 25.59, "learn_time_ms": 52968.415, "learn_throughput": 38.759, "update_time_ms": 3.559}, "info": {"learner": {"default_policy": {"cur_kl_coeff": 0.20000000298023224, "cur_lr": 0.004999999888241291, "total_loss": 198.02420043945312, "policy_loss": -0.04196545109152794, "vf_loss": 198.06578063964844, "vf_explained_var": -0.0007783836917951703, "kl": 0.0018702966626733541, "entropy": 3.612147808074951, "entropy_coeff": 0.0}}, "num_steps_sampled": 2053, "num_steps_trained": 2053}, "done": true, "episodes_total": 150, "training_iteration": 1, "experiment_id": "619e9a5cb8364d60a0820db92cdea86f", "date": "2021-08-26_12-17-12", "timestamp": 1629976632, "time_this_iter_s": 133.2122552394867, "time_total_s": 133.2122552394867, "pid": 2094654, "hostname": "athens.ee.ucl.ac.uk", "node_ip": "128.40.41.180", "config": {"num_workers": 1, "num_envs_per_worker": 1, "rollout_fragment_length": 2048, "sample_batch_size": -1, "batch_mode": "complete_episodes", "num_gpus": 3, "train_batch_size": 2048, "model": {"conv_filters": null, "conv_activation": "relu", "fcnet_activation": "tanh", "fcnet_hiddens": [8], "free_log_std": false, "no_final_linear": false, "vf_share_layers": true, "use_lstm": false, "max_seq_len": 20, "lstm_cell_size": 256, "lstm_use_prev_action_reward": false, "state_shape": null, "framestack": true, "dim": 84, "grayscale": false, "zero_mean": true, "custom_model": "pa_model", "custom_model_config": {"features": {"node": ["node", "mem"], "link": ["ports"]}, "graph_dir": "/home/uceezs0/Code/nara_code/topologies/alpha", "use_gnn": true, "agg_type": "MeanPool2", "agg_dim": 16, "num_mp_stages": 3, "obs_emb_dim": 8, "num_features": 2, "embedding_save_dir": null, "top_k": null}, "custom_action_dist": null, "custom_preprocessor": null, "custom_options": -1}, "optimizer": {}, "gamma": 0.99, "horizon": null, "soft_horizon": false, "no_done_at_end": false, "env_config": {"restore": false, "new_save": false, "sanity_check": false, "num_init_requests": 4, "network_dir": "/home/uceezs0/Code/nara_code/topologies/alpha", "features": {"node": ["node", "mem"], "link": ["ports"]}, "request_type": "SingleResourceRequest", "rnd_seed": 0, "seed_on_reset": false, "lb_route_weighting": false}, "env": "pa_network", "normalize_actions": false, "clip_rewards": null, "clip_actions": true, "preprocessor_pref": "deepmind", "lr": 0.005, "monitor": false, "log_level": "ERROR", "callbacks": "<class 'ray.rllib.agents.callbacks.DefaultCallbacks'>", "ignore_worker_failures": false, "log_sys_usage": true, "fake_sampler": false, "framework": "tfe", "eager_tracing": true, "no_eager_on_workers": false, "explore": true, "exploration_config": {"type": "StochasticSampling"}, "evaluation_interval": null, "evaluation_num_episodes": 10, "in_evaluation": false, "evaluation_config": {}, "evaluation_num_workers": 0, "custom_eval_function": null, "sample_async": false, "_use_trajectory_view_api": false, "observation_filter": "NoFilter", "synchronize_filters": true, "tf_session_args": {"intra_op_parallelism_threads": 2, "inter_op_parallelism_threads": 2, "gpu_options": {"allow_growth": true}, "log_device_placement": false, "device_count": {"CPU": 1}, "allow_soft_placement": true}, "local_tf_session_args": {"intra_op_parallelism_threads": 8, "inter_op_parallelism_threads": 8}, "compress_observations": false, "collect_metrics_timeout": 180, "metrics_smoothing_episodes": 100, "remote_worker_envs": false, "remote_env_batch_wait_ms": 0, "min_iter_time_s": 0, "timesteps_per_iteration": 0, "seed": null, "extra_python_environs_for_driver": {}, "extra_python_environs_for_worker": {}, "num_cpus_per_worker": 1, "num_gpus_per_worker": 0, "custom_resources_per_worker": {}, "num_cpus_for_driver": 1, "memory": 0, "object_store_memory": 0, "memory_per_worker": 0, "object_store_memory_per_worker": 0, "input": "sampler", "input_evaluation": ["is", "wis"], "postprocess_inputs": false, "shuffle_buffer_size": 0, "output": null, "output_compress_columns": ["obs", "new_obs"], "output_max_file_size": 67108864, "multiagent": {"policies": {}, "policy_mapping_fn": null, "policies_to_train": null, "observation_fn": null, "replay_mode": "independent"}, "replay_sequence_length": 1, "use_pytorch": -1, "eager": -1, "use_critic": true, "use_gae": true, "lambda": 1.0, "kl_coeff": 0.2, "sgd_minibatch_size": 256, "shuffle_sequences": true, "num_sgd_iter": 30, "lr_schedule": null, "vf_share_layers": false, "vf_loss_coeff": 1.0, "entropy_coeff": 0.0, "entropy_coeff_schedule": null, "clip_param": 0.3, "vf_clip_param": 10.0, "grad_clip": null, "kl_target": 0.01, "simple_optimizer": true, "_fake_gpus": false}, "time_since_restore": 133.2122552394867, "timesteps_since_restore": 0, "iterations_since_restore": 1, "perf": {"cpu_util_percent": 51.796842105263146, "ram_util_percent": 16.413157894736845}, "trial_id": "cbd5e_00000", "experiment_tag": "0_lr=0.005,sgd_minibatch_size=256,train_batch_size=2048"}
